,1,"Joaquin 1","Camacho 1","Caracas, Venezuela 1",02121234567,04141234567,1996-01-01,MALE,SINGLE,1
,2,"Joaquin 2","Camacho 2","Caracas, Venezuela 2",02128901234,04148901234,1996-01-02,MALE,SINGLE,1
,3,"Joaquin 3","Camacho 3","Caracas, Venezuela 3",02125678901,04145678901,1996-01-03,MALE,SINGLE,1
,4,"Joaquin 4","Camacho 4","Caracas, Venezuela 4",02122345678,04142345678,1996-01-04,MALE,SINGLE,1
,5,"Joaquin 5","Camacho 5","Caracas, Venezuela 5",02129012345,04149012345,1996-01-05,MALE,SINGLE,1
,6,"Joaquin 6","Camacho 6","Caracas, Venezuela 6",02126789012,04146789012,1996-01-06,MALE,SINGLE,1
,7,"Joaquin 7","Camacho 7","Caracas, Venezuela 7",02123456789,04143456789,1996-01-07,MALE,SINGLE,1
,8,"Joaquin 8","Camacho 8","Caracas, Venezuela 8",02120123456,04140123456,1996-01-08,MALE,SINGLE,1
,9,"Joaquin 9","Camacho 9","Caracas, Venezuela 9",02127890123,04146515618,1996-01-09,MALE,SINGLE,1
,10,"Joaquin 10","Camacho 10","Caracas, Venezuela 10",02121234567,04141515120,1996-01-10,MALE,SINGLE,1
,11,"Joaquin 11","Camacho 11","Caracas, Venezuela 11",02121234567,04148451321,1996-01-11,MALE,SINGLE,2
,12,"Joaquin 12","Camacho 12","Caracas, Venezuela 12",02121234567,04146613205,1996-01-12,MALE,SINGLE,2
,13,"Joaquin 13","Camacho 13","Caracas, Venezuela 13",02121234567,04140515616,1996-01-13,MALE,SINGLE,2
,14,"Joaquin 14","Camacho 14","Caracas, Venezuela 14",02121234567,04146465132,1996-01-14,MALE,SINGLE,2
,15,"Joaquin 15","Camacho 15","Caracas, Venezuela 15",02121234567,04149515505,1996-01-15,MALE,SINGLE,2
,16,"Joaquin 16","Camacho 16","Caracas, Venezuela 16",02121234567,04141651326,1996-01-16,MALE,SINGLE,2
,17,"Joaquin 17","Camacho 17","Caracas, Venezuela 17",02121234567,04148932164,1996-01-17,MALE,SINGLE,2
,18,"Joaquin 18","Camacho 18","Caracas, Venezuela 18",02121234567,04140925426,1996-01-18,MALE,SINGLE,2
,19,"Joaquin 19","Camacho 19","Caracas, Venezuela 19",02121234567,04149046258,1996-01-19,MALE,SINGLE,2
,20,"Joaquin 20","Camacho 20","Caracas, Venezuela 20",02121234567,04149625405,1996-01-20,MALE,SINGLE,2